[
    {
        "actionName": "Action",
        "steps": [
            {
                "stepId": "STEP46",
                "stepName": "Url: banking_2",
                "infFile": "t1.inf",
                "time": 1722965100294
            },
            {
                "stepId": "STEP47",
                "stepName": "Url: customer_reg_form.php",
                "infFile": "t5.inf",
                "time": 1722965100603
            },
            {
                "stepId": "STEP48",
                "stepName": "Submit Data: customer_reg_form.php_2",
                "infFile": "t6.inf",
                "time": 1722965100733
            },
            {
                "stepId": "STEP49",
                "stepName": "Submit Data: cust_regfrm_confirm.php",
                "infFile": "t7.inf",
                "time": 1722965100876
            },
            {
                "stepId": "STEP50",
                "stepName": "Url: Home",
                "infFile": "t8.inf",
                "time": 1722965100951
            }
        ],
        "transactions": [
            {
                "transactionName": "Launch",
                "rawStartTime": 1722965100216,
                "rawEndTime": 1722965100296,
                "thinkTime": 0.0,
                "wastedTime": 0.04678845405578613
            },
            {
                "transactionName": "T02_Open_Account",
                "rawStartTime": 1722965100536,
                "rawEndTime": 1722965100631,
                "thinkTime": 0.0,
                "wastedTime": 0.040007591247558597
            },
            {
                "transactionName": "T03_Fill_Details",
                "rawStartTime": 1722965100647,
                "rawEndTime": 1722965100742,
                "thinkTime": 0.0,
                "wastedTime": 0.04253840446472168
            },
            {
                "transactionName": "T04_Click_Confirm",
                "rawStartTime": 1722965100774,
                "rawEndTime": 1722965100964,
                "thinkTime": 0.0,
                "wastedTime": 0.08205699920654297
            }
        ]
    }
]