{"metadata":{"flags":["startup"],"signature":{"ref":"1ke24afshq0j41drzict164jjl","x5u":"https://content-signature-2.cdn.mozilla.net/chains/remote-settings.content-signature.mozilla.org-2024-09-18-13-54-34.chain","mode":"p384ecdsa","type":"contentsignaturepki","signature":"YG8rlJHL4CsGRJlLxosdGaq_lvoWuqjimQevXNryHGKlEg9CdfWrwMjCuJJxOY1LyT75Fb6TsdFTjmOeleOHPCNyL_5-O9xiuHaNzXAqXXkIg7iiv_uswHMZJ1yAwTmy","signer_id":"remote-settings","public_key":"MHYwEAYHKoZIzj0CAQYFK4EEACIDYgAEtpbHay6LHB5rZc0NQiQlB9AFn+KXSYeMbyTQLtL2CWKjwfhT5K88rvHV2i8TYKWL7F+lYR3rDUXgRxjWU7infYMCm3HPa3BS7WGfmSCvTkcIe2kMTN0Zrd0qt23Q3VWU"},"displayFields":["id","recipe.name"],"id":"normandy-recipes-capabilities","last_modified":1722470464551,"bucket":"main"},"timestamp":1722470464381,"changes":[{"recipe":{"id":1346,"name":"Page load time patch ESR","action":"multi-preference-experiment","arguments":{"slug":"bug-1849168-pref-page-load-time-patch-esr-beta-115-116","branches":[{"slug":"reset-to-false","ratio":100,"preferences":{"network.http.http3.retry_different_ip_family":{"preferenceType":"boolean","preferenceValue":false,"preferenceBranchType":"default"}}}],"userFacingName":"Page load time patch ESR","isEnrollmentPaused":false,"experimentDocumentUrl":"https://experimenter.services.mozilla.com/experiments/page-load-time-patch-esr/","userFacingDescription":"Reverting a preference that intermittently caused long page load times."},"revision_id":"4132","capabilities":["action.multi-preference-experiment","capabilities-v1","jexl.context.env.version","jexl.transform.bucketSample","jexl.transform.versionCompare"],"filter_expression":"((env.version|versionCompare(\"115.!\")>=0)&&(env.version|versionCompare(\"116.*\")<0)) && ([\"page-load-time-patch-esr\",normandy.userId]|bucketSample(0,10000,10000)) && (normandy.channel in [\"esr\"])","uses_only_baseline_capabilities":false},"signature":{"x5u":"https://content-signature-2.cdn.mozilla.net/chains/202402/normandy.content-signature.mozilla.org-2024-09-02-22-40-33.chain?cachebust=2017-06-13-21-06","signature":"bW27HJghSDZlc1GGaKpCygDKhOJDJo6EQu2UwX0TLV1NxZT15B4Bw3fTN22IS9gqvHvuCZMtfl84TRkcRYz-8hBFI_CnvdshomblhWTclnTGEHC0QtBfwf_z3OiE4spB","timestamp":"2024-08-01T00:01:04.077397Z","public_key":""},"id":"1346","last_modified":1722470464381},{"recipe":{"id":1392,"name":"HTTP download configuration","action":"multi-preference-experiment","arguments":{"slug":"bug-1892259-pref-http-download-configuration-release-120-120","branches":[{"slug":"domblock_download_insecure","ratio":100,"preferences":{"dom.block_download_insecure":{"preferenceType":"boolean","preferenceValue":false,"preferenceBranchType":"default"}}}],"userFacingName":"HTTP download configuration","isEnrollmentPaused":false,"experimentDocumentUrl":"https://experimenter.services.mozilla.com/experiments/http-download-configuration/","userFacingDescription":"The recently-shipped functionality more proactively blocking downloads from untrusted sources is not working as intended and causing impaired ability to download files in legitimate situations."},"revision_id":"4260","capabilities":["action.multi-preference-experiment","capabilities-v1","jexl.context.env.version","jexl.transform.bucketSample","jexl.transform.versionCompare"],"filter_expression":"(normandy.channel in [\"release\"]) && ((env.version|versionCompare(\"125.0.1\")>=0)&&(env.version|versionCompare(\"125.0.2\")<0)) && ([\"http-download-config\",normandy.userId]|bucketSample(0,10000,10000))","uses_only_baseline_capabilities":false},"signature":{"x5u":"https://content-signature-2.cdn.mozilla.net/chains/202402/normandy.content-signature.mozilla.org-2024-09-02-22-40-33.chain?cachebust=2017-06-13-21-06","signature":"wiGzG6Ciw54Uu7eAhQlX0OoQqXvU_qGsNCKLhSka9UkF1IVnB-6T96ew99uHapw-Kvq4E9vWx7RaAFpLszcLqTDAQ-WeYR0CPFaNaO8ygHzT9vSIax4FAeFVRRlLvs2X","timestamp":"2024-08-01T00:01:03.832882Z","public_key":""},"id":"1392","last_modified":1722470464377}]}