{"metadata":{"flags":["startup"],"signature":{"ref":"19ari9lbq6w2z253dtrlvd7fih","x5u":"https://content-signature-2.cdn.mozilla.net/chains/remote-settings.content-signature.mozilla.org-2024-09-18-13-54-34.chain","mode":"p384ecdsa","type":"contentsignaturepki","signature":"tjUE_Yoy288l2heymVuMTwIBpbT1qUyKE1QkSzBApPqGAVmXuB9DhIuvNkTTHoj6Y6u1fXzIfV8A1nf_NpvOMK6RmKTazSa7fxQTQ4loB2R8V5nISpIHPRHS2upxGrRh","signer_id":"remote-settings","public_key":"MHYwEAYHKoZIzj0CAQYFK4EEACIDYgAEtpbHay6LHB5rZc0NQiQlB9AFn+KXSYeMbyTQLtL2CWKjwfhT5K88rvHV2i8TYKWL7F+lYR3rDUXgRxjWU7infYMCm3HPa3BS7WGfmSCvTkcIe2kMTN0Zrd0qt23Q3VWU"},"id":"nimbus-desktop-experiments","last_modified":1722446108878,"bucket":"main"},"timestamp":1722446108625,"changes":[{"slug":"recommend-add-ons-staff-pick-part-2","appId":"firefox-desktop","appName":"firefox_desktop","channel":"release","endDate":null,"locales":["en-GB","en-CA","en-US"],"branches":[{"slug":"control","ratio":1,"feature":{"value":{},"enabled":false,"featureId":"this-is-included-for-desktop-pre-95-support"},"features":[{"value":{"id":"ADDONS_STAFF_PICK_PT_2","groups":["cfr"],"trigger":{"id":"defaultBrowserCheck"},"frequency":{"lifetime":1},"targeting":"!screenImpressions.AW_AMO_INTRODUCE && !willShowDefaultPrompt && !activeNotifications && source == 'newtab' && previousSessionEnd"},"enabled":true,"featureId":"featureCallout"}]},{"slug":"treatment-a","ratio":1,"feature":{"value":{},"enabled":false,"featureId":"this-is-included-for-desktop-pre-95-support"},"features":[{"value":{"id":"ADDONS_STAFF_PICK_PT_2","groups":["cfr"],"content":{"id":"ADDONS_STAFF_PICK_PT_2","screens":[{"id":"ADDONS_STAFF_PICK_PT_2_A","anchors":[{"selector":"#unified-extensions-button","arrow_width":"26.9","panel_position":{"anchor_attachment":"bottomcenter","callout_attachment":"topright"}}],"content":{"title":{"raw":"Give your browsing a boost","marginInline":"0 48px"},"width":"310px","padding":16,"position":"callout","subtitle":{"raw":"Make browsing faster, safer, or just plain fun with Firefox add-ons. See what our staff recommends!","paddingInline":"34px 0"},"title_logo":{"width":"24px","height":"24px","imageURL":"https://firefox-settings-attachments.cdn.mozilla.net/main-workspace/ms-images/173414e1-81f7-4612-b868-e78df0557011.svg","marginInline":"4px 14px"},"dismiss_button":{"size":"small","action":{"dismiss":true},"marginBlock":"14px 0","marginInline":"0 14px"},"primary_button":{"label":{"raw":"Explore add-ons"},"action":{"data":{"args":"https://addons.mozilla.org/en-US/firefox/collections/4757633/36d285535db74c6986abbeeed3e214/?page=1&collection_sort=added","where":"tabshifted"},"type":"OPEN_URL","dismiss":true}}}}],"backdrop":"transparent","template":"multistage","transitions":false},"trigger":{"id":"defaultBrowserCheck"},"template":"feature_callout","frequency":{"lifetime":1},"targeting":"!screenImpressions.AW_AMO_INTRODUCE && !willShowDefaultPrompt && !activeNotifications && source == 'newtab' && previousSessionEnd"},"enabled":true,"featureId":"featureCallout"}]},{"slug":"treatment-b","ratio":1,"feature":{"value":{},"enabled":false,"featureId":"this-is-included-for-desktop-pre-95-support"},"features":[{"value":{"id":"ADDONS_STAFF_PICK_PT_2","groups":["cfr"],"content":{"id":"ADDONS_STAFF_PICK_PT_2","screens":[{"id":"ADDONS_STAFF_PICK_PT_2_B","anchors":[{"selector":"#unified-extensions-button","arrow_width":"26.9","panel_position":{"anchor_attachment":"bottomcenter","callout_attachment":"topright"}}],"content":{"title":{"raw":"Try these essential add-ons","marginInline":"0 48px"},"width":"310px","padding":16,"position":"callout","subtitle":{"raw":"Check out our favorite extensions and themes for productivity, privacy, and fun!","paddingInline":"34px 0"},"title_logo":{"width":"24px","height":"24px","imageURL":"https://firefox-settings-attachments.cdn.mozilla.net/main-workspace/ms-images/173414e1-81f7-4612-b868-e78df0557011.svg","marginInline":"4px 14px"},"dismiss_button":{"size":"small","action":{"dismiss":true},"marginBlock":"14px 0","marginInline":"0 14px"},"primary_button":{"label":{"raw":"Explore add-ons"},"action":{"data":{"args":"https://addons.mozilla.org/en-US/firefox/collections/4757633/36d285535db74c6986abbeeed3e214/?page=1&collection_sort=added","where":"tabshifted"},"type":"OPEN_URL","dismiss":true}}}}],"backdrop":"transparent","template":"multistage","transitions":false},"trigger":{"id":"defaultBrowserCheck"},"template":"feature_callout","frequency":{"lifetime":1},"targeting":"!screenImpressions.AW_AMO_INTRODUCE && !willShowDefaultPrompt && !activeNotifications && source == 'newtab' && previousSessionEnd"},"enabled":true,"featureId":"featureCallout"}]},{"slug":"treatment-c","ratio":1,"feature":{"value":{},"enabled":false,"featureId":"this-is-included-for-desktop-pre-95-support"},"features":[{"value":{"id":"ADDONS_STAFF_PICK_PT_2","groups":["cfr"],"content":{"id":"ADDONS_STAFF_PICK_PT_2","screens":[{"id":"ADDONS_STAFF_PICK_PT_2_C","anchors":[{"selector":"#unified-extensions-button","arrow_width":"26.9","panel_position":{"anchor_attachment":"bottomcenter","callout_attachment":"topright"}}],"content":{"title":{"raw":"Add some flair to your Firefox","marginInline":"0 48px"},"width":"310px","padding":16,"position":"callout","subtitle":{"raw":"Change up your browsing with colorful themes and handy extensions.","paddingInline":"34px 0"},"title_logo":{"width":"18px","height":"18px","imageURL":"https://firefox-settings-attachments.cdn.mozilla.net/main-workspace/ms-images/173414e1-81f7-4612-b868-e78df0557011.svg","marginBlock":"2px 0","marginInline":"4px 14px"},"dismiss_button":{"size":"small","action":{"dismiss":true},"marginBlock":"14px 0","marginInline":"0 14px"},"primary_button":{"label":{"raw":"Explore add-ons"},"action":{"data":{"args":"https://addons.mozilla.org/en-US/firefox/collections/4757633/36d285535db74c6986abbeeed3e214/?page=1&collection_sort=added","where":"tabshifted"},"type":"OPEN_URL","dismiss":true}}}}],"backdrop":"transparent","template":"multistage","transitions":false},"trigger":{"id":"defaultBrowserCheck"},"template":"feature_callout","frequency":{"lifetime":1},"targeting":"!screenImpressions.AW_AMO_INTRODUCE && !willShowDefaultPrompt && !activeNotifications && source == 'newtab' && previousSessionEnd"},"enabled":true,"featureId":"featureCallout"}]}],"outcomes":[],"arguments":{},"isRollout":false,"probeSets":[],"startDate":"2024-07-16","targeting":"(browserSettings.update.channel == \"release\") && ((experiment.slug in activeExperiments) || (((currentDate|date - profileAgeCreated|date) / 86400000 < 28) && (version|versionCompare('123.!') >= 0) && (locale in ['en-CA', 'en-GB', 'en-US']) && (('recommend-add-ons-staff-pick-relaunch' in enrollments) == false) && (enrollmentsMap['long-term-holdback-2024-h2-velocity-desktop'] == 'delivery')))","featureIds":["featureCallout"],"application":"firefox-desktop","bucketConfig":{"count":10000,"start":0,"total":10000,"namespace":"firefox-desktop-featureCallout-release-102","randomizationUnit":"normandy_id"},"localizations":null,"publishedDate":"2024-07-16T19:15:51.831643Z","schemaVersion":"1.12.0","userFacingName":"Recommend Add-ons Staff Pick part 2","referenceBranch":"control","proposedDuration":42,"enrollmentEndDate":null,"isEnrollmentPaused":true,"proposedEnrollment":14,"userFacingDescription":"Recommending staff pick add-ons after first run.","featureValidationOptOut":false,"id":"recommend-add-ons-staff-pick-part-2","last_modified":1722446108625}]}