[
    {
        "actionName": "Action",
        "steps": [
            {
                "stepId": "STEP6",
                "stepName": "Url: banking_2",
                "infFile": "t1.inf",
                "time": 1722965092767
            },
            {
                "stepId": "STEP7",
                "stepName": "Url: customer_reg_form.php",
                "infFile": "t5.inf",
                "time": 1722965093499
            },
            {
                "stepId": "STEP8",
                "stepName": "Submit Data: customer_reg_form.php_2",
                "infFile": "t6.inf",
                "time": 1722965093584
            },
            {
                "stepId": "STEP9",
                "stepName": "Submit Data: cust_regfrm_confirm.php",
                "infFile": "t7.inf",
                "time": 1722965093663
            },
            {
                "stepId": "STEP10",
                "stepName": "Url: Home",
                "infFile": "t8.inf",
                "time": 1722965093704
            }
        ],
        "transactions": [
            {
                "transactionName": "Launch",
                "rawStartTime": 1722965092723,
                "rawEndTime": 1722965092770,
                "thinkTime": 0.0,
                "wastedTime": 0.014244794845581055
            },
            {
                "transactionName": "T02_Open_Account",
                "rawStartTime": 1722965093466,
                "rawEndTime": 1722965093529,
                "thinkTime": 0.0,
                "wastedTime": 0.009365081787109375
            },
            {
                "transactionName": "T03_Fill_Details",
                "rawStartTime": 1722965093545,
                "rawEndTime": 1722965093592,
                "thinkTime": 0.0,
                "wastedTime": 0.010744571685791016
            },
            {
                "transactionName": "T04_Click_Confirm",
                "rawStartTime": 1722965093625,
                "rawEndTime": 1722965093720,
                "thinkTime": 0.0,
                "wastedTime": 0.01770162582397461
            }
        ]
    }
]