[
    {
        "actionName": "Action",
        "steps": [
            {
                "stepId": "STEP21",
                "stepName": "Url: banking_2",
                "infFile": "t1.inf",
                "time": 1722965095309
            },
            {
                "stepId": "STEP22",
                "stepName": "Url: customer_reg_form.php",
                "infFile": "t5.inf",
                "time": 1722965095970
            },
            {
                "stepId": "STEP23",
                "stepName": "Submit Data: customer_reg_form.php_2",
                "infFile": "t6.inf",
                "time": 1722965096067
            },
            {
                "stepId": "STEP24",
                "stepName": "Submit Data: cust_regfrm_confirm.php",
                "infFile": "t7.inf",
                "time": 1722965096187
            },
            {
                "stepId": "STEP25",
                "stepName": "Url: Home",
                "infFile": "t8.inf",
                "time": 1722965096238
            }
        ],
        "transactions": [
            {
                "transactionName": "Launch",
                "rawStartTime": 1722965095258,
                "rawEndTime": 1722965095321,
                "thinkTime": 0.0,
                "wastedTime": 0.02189350128173828
            },
            {
                "transactionName": "T02_Open_Account",
                "rawStartTime": 1722965095924,
                "rawEndTime": 1722965095988,
                "thinkTime": 0.0,
                "wastedTime": 0.020092010498046876
            },
            {
                "transactionName": "T03_Fill_Details",
                "rawStartTime": 1722965096004,
                "rawEndTime": 1722965096074,
                "thinkTime": 0.0,
                "wastedTime": 0.01946401596069336
            },
            {
                "transactionName": "T04_Click_Confirm",
                "rawStartTime": 1722965096100,
                "rawEndTime": 1722965096243,
                "thinkTime": 0.0,
                "wastedTime": 0.04698991775512695
            }
        ]
    }
]