[
    {
        "actionName": "Action",
        "steps": [
            {
                "stepId": "STEP11",
                "stepName": "Url: banking_2",
                "infFile": "t1.inf",
                "time": 1722965093818
            },
            {
                "stepId": "STEP12",
                "stepName": "Url: customer_reg_form.php",
                "infFile": "t5.inf",
                "time": 1722965093968
            },
            {
                "stepId": "STEP13",
                "stepName": "Submit Data: customer_reg_form.php_2",
                "infFile": "t6.inf",
                "time": 1722965094065
            },
            {
                "stepId": "STEP14",
                "stepName": "Submit Data: cust_regfrm_confirm.php",
                "infFile": "t7.inf",
                "time": 1722965094177
            },
            {
                "stepId": "STEP15",
                "stepName": "Url: Home",
                "infFile": "t8.inf",
                "time": 1722965094220
            }
        ],
        "transactions": [
            {
                "transactionName": "Launch",
                "rawStartTime": 1722965093786,
                "rawEndTime": 1722965093820,
                "thinkTime": 0.0,
                "wastedTime": 0.014959096908569336
            },
            {
                "transactionName": "T02_Open_Account",
                "rawStartTime": 1722965093928,
                "rawEndTime": 1722965093992,
                "thinkTime": 0.0,
                "wastedTime": 0.013246536254882813
            },
            {
                "transactionName": "T03_Fill_Details",
                "rawStartTime": 1722965094008,
                "rawEndTime": 1722965094071,
                "thinkTime": 0.0,
                "wastedTime": 0.012963294982910157
            },
            {
                "transactionName": "T04_Click_Confirm",
                "rawStartTime": 1722965094103,
                "rawEndTime": 1722965094230,
                "thinkTime": 0.0,
                "wastedTime": 0.02626967430114746
            }
        ]
    }
]