[
    {
        "actionName": "Action",
        "steps": [
            {
                "stepId": "STEP16",
                "stepName": "Url: banking_2",
                "infFile": "t1.inf",
                "time": 1722965094498
            },
            {
                "stepId": "STEP17",
                "stepName": "Url: customer_reg_form.php",
                "infFile": "t5.inf",
                "time": 1722965094756
            },
            {
                "stepId": "STEP18",
                "stepName": "Submit Data: customer_reg_form.php_2",
                "infFile": "t6.inf",
                "time": 1722965094855
            },
            {
                "stepId": "STEP19",
                "stepName": "Submit Data: cust_regfrm_confirm.php",
                "infFile": "t7.inf",
                "time": 1722965094965
            },
            {
                "stepId": "STEP20",
                "stepName": "Url: Home",
                "infFile": "t8.inf",
                "time": 1722965095010
            }
        ],
        "transactions": [
            {
                "transactionName": "Launch",
                "rawStartTime": 1722965094449,
                "rawEndTime": 1722965094511,
                "thinkTime": 0.0,
                "wastedTime": 0.019853830337524415
            },
            {
                "transactionName": "T02_Open_Account",
                "rawStartTime": 1722965094715,
                "rawEndTime": 1722965094778,
                "thinkTime": 0.0,
                "wastedTime": 0.016327381134033204
            },
            {
                "transactionName": "T03_Fill_Details",
                "rawStartTime": 1722965094795,
                "rawEndTime": 1722965094858,
                "thinkTime": 0.0,
                "wastedTime": 0.01638507843017578
            },
            {
                "transactionName": "T04_Click_Confirm",
                "rawStartTime": 1722965094890,
                "rawEndTime": 1722965095018,
                "thinkTime": 0.0,
                "wastedTime": 0.03172588348388672
            }
        ]
    }
]