[
    {
        "actionName": "Action",
        "steps": [
            {
                "stepId": "STEP1",
                "stepName": "Url: banking_2",
                "infFile": "t1.inf",
                "time": 1722965092026
            },
            {
                "stepId": "STEP2",
                "stepName": "Url: customer_reg_form.php",
                "infFile": "t5.inf",
                "time": 1722965092294
            },
            {
                "stepId": "STEP3",
                "stepName": "Submit Data: customer_reg_form.php_2",
                "infFile": "t6.inf",
                "time": 1722965092380
            },
            {
                "stepId": "STEP4",
                "stepName": "Submit Data: cust_regfrm_confirm.php",
                "infFile": "t7.inf",
                "time": 1722965092458
            },
            {
                "stepId": "STEP5",
                "stepName": "Url: Home",
                "infFile": "t8.inf",
                "time": 1722965092498
            }
        ],
        "transactions": [
            {
                "transactionName": "Launch",
                "rawStartTime": 1722965091899,
                "rawEndTime": 1722965092042,
                "thinkTime": 0.0,
                "wastedTime": 0.09388065338134766
            },
            {
                "transactionName": "T02_Open_Account",
                "rawStartTime": 1722965092263,
                "rawEndTime": 1722965092323,
                "thinkTime": 0.0,
                "wastedTime": 0.005459785461425781
            },
            {
                "transactionName": "T03_Fill_Details",
                "rawStartTime": 1722965092327,
                "rawEndTime": 1722965092390,
                "thinkTime": 0.0,
                "wastedTime": 0.007505893707275391
            },
            {
                "transactionName": "T04_Click_Confirm",
                "rawStartTime": 1722965092418,
                "rawEndTime": 1722965092501,
                "thinkTime": 0.0,
                "wastedTime": 0.00943136215209961
            }
        ]
    }
]