[
    {
        "actionName": "Action",
        "steps": [
            {
                "stepId": "STEP31",
                "stepName": "Url: banking_2",
                "infFile": "t1.inf",
                "time": 1722965097789
            },
            {
                "stepId": "STEP32",
                "stepName": "Url: customer_reg_form.php",
                "infFile": "t5.inf",
                "time": 1722965098021
            },
            {
                "stepId": "STEP33",
                "stepName": "Submit Data: customer_reg_form.php_2",
                "infFile": "t6.inf",
                "time": 1722965098134
            },
            {
                "stepId": "STEP34",
                "stepName": "Submit Data: cust_regfrm_confirm.php",
                "infFile": "t7.inf",
                "time": 1722965098237
            },
            {
                "stepId": "STEP35",
                "stepName": "Url: Home",
                "infFile": "t8.inf",
                "time": 1722965098289
            }
        ],
        "transactions": [
            {
                "transactionName": "Launch",
                "rawStartTime": 1722965097730,
                "rawEndTime": 1722965097793,
                "thinkTime": 0.0,
                "wastedTime": 0.029276371002197267
            },
            {
                "transactionName": "T02_Open_Account",
                "rawStartTime": 1722965097968,
                "rawEndTime": 1722965098047,
                "thinkTime": 0.0,
                "wastedTime": 0.0269317626953125
            },
            {
                "transactionName": "T03_Fill_Details",
                "rawStartTime": 1722965098063,
                "rawEndTime": 1722965098136,
                "thinkTime": 0.0,
                "wastedTime": 0.02747631072998047
            },
            {
                "transactionName": "T04_Click_Confirm",
                "rawStartTime": 1722965098159,
                "rawEndTime": 1722965098292,
                "thinkTime": 0.0,
                "wastedTime": 0.05507040023803711
            }
        ]
    }
]