[
    {
        "actionName": "Action",
        "steps": [
            {
                "stepId": "STEP26",
                "stepName": "Url: banking_2",
                "infFile": "t1.inf",
                "time": 1722965096519
            },
            {
                "stepId": "STEP27",
                "stepName": "Url: customer_reg_form.php",
                "infFile": "t5.inf",
                "time": 1722965097241
            },
            {
                "stepId": "STEP28",
                "stepName": "Submit Data: customer_reg_form.php_2",
                "infFile": "t6.inf",
                "time": 1722965097354
            },
            {
                "stepId": "STEP29",
                "stepName": "Submit Data: cust_regfrm_confirm.php",
                "infFile": "t7.inf",
                "time": 1722965097462
            },
            {
                "stepId": "STEP30",
                "stepName": "Url: Home",
                "infFile": "t8.inf",
                "time": 1722965097505
            }
        ],
        "transactions": [
            {
                "transactionName": "Launch",
                "rawStartTime": 1722965096464,
                "rawEndTime": 1722965096527,
                "thinkTime": 0.0,
                "wastedTime": 0.02583622932434082
            },
            {
                "transactionName": "T02_Open_Account",
                "rawStartTime": 1722965097189,
                "rawEndTime": 1722965097268,
                "thinkTime": 0.0,
                "wastedTime": 0.023016929626464845
            },
            {
                "transactionName": "T03_Fill_Details",
                "rawStartTime": 1722965097284,
                "rawEndTime": 1722965097363,
                "thinkTime": 0.0,
                "wastedTime": 0.024740934371948243
            },
            {
                "transactionName": "T04_Click_Confirm",
                "rawStartTime": 1722965097395,
                "rawEndTime": 1722965097506,
                "thinkTime": 0.0,
                "wastedTime": 0.04610466957092285
            }
        ]
    }
]